[
  {
    "country": "New Zealand",
    "country_code": "NZ",
    "currency_code": "NZD"
  },
  {
    "country": "Cook Islands",
    "country_code": "CK",
    "currency_code": "NZD"
  },
  {
    "country": "Niue",
    "country_code": "NU",
    "currency_code": "NZD"
  },
  {
    "country": "Pitcairn",
    "country_code": "PN",
    "currency_code": "NZD"
  },
  {
    "country": "Tokelau",
    "country_code": "TK",
    "currency_code": "NZD"
  },
  {
    "country": "Australian",
    "country_code": "AU",
    "currency_code": "AUD"
  },
  {
    "country": "Christmas Island",
    "country_code": "CX",
    "currency_code": "AUD"
  },
  {
    "country": "Cocos (Keeling) Islands",
    "country_code": "CC",
    "currency_code": "AUD"
  },
  {
    "country": "Heard and Mc Donald Islands",
    "country_code": "HM",
    "currency_code": "AUD"
  },
  {
    "country": "Kiribati",
    "country_code": "KI",
    "currency_code": "AUD"
  },
  {
    "country": "Nauru",
    "country_code": "NR",
    "currency_code": "AUD"
  },
  {
    "country": "Norfolk Island",
    "country_code": "NF",
    "currency_code": "AUD"
  },
  {
    "country": "Tuvalu",
    "country_code": "TV",
    "currency_code": "AUD"
  },
  {
    "country": "American Samoa",
    "country_code": "AS",
    "currency_code": "EUR"
  },
  {
    "country": "Andorra",
    "country_code": "AD",
    "currency_code": "EUR"
  },
  {
    "country": "Austria",
    "country_code": "AT",
    "currency_code": "EUR"
  },
  {
    "country": "Belgium",
    "country_code": "BE",
    "currency_code": "EUR"
  },
  {
    "country": "Finland",
    "country_code": "FI",
    "currency_code": "EUR"
  },
  {
    "country": "France",
    "country_code": "FR",
    "currency_code": "EUR"
  },
  {
    "country": "French Guiana",
    "country_code": "GF",
    "currency_code": "EUR"
  },
  {
    "country": "French Southern Territories",
    "country_code": "TF",
    "currency_code": "EUR"
  },
  {
    "country": "Germany",
    "country_code": "DE",
    "currency_code": "EUR"
  },
  {
    "country": "Greece",
    "country_code": "GR",
    "currency_code": "EUR"
  },
  {
    "country": "Guadeloupe",
    "country_code": "GP",
    "currency_code": "EUR"
  },
  {
    "country": "Ireland",
    "country_code": "IE",
    "currency_code": "EUR"
  },
  {
    "country": "Italy",
    "country_code": "IT",
    "currency_code": "EUR"
  },
  {
    "country": "Luxembourg",
    "country_code": "LU",
    "currency_code": "EUR"
  },
  {
    "country": "Martinique",
    "country_code": "MQ",
    "currency_code": "EUR"
  },
  {
    "country": "Mayotte",
    "country_code": "YT",
    "currency_code": "EUR"
  },
  {
    "country": "Monaco",
    "country_code": "MC",
    "currency_code": "EUR"
  },
  {
    "country": "Netherlands",
    "country_code": "NL",
    "currency_code": "EUR"
  },
  {
    "country": "Portugal",
    "country_code": "PT",
    "currency_code": "EUR"
  },
  {
    "country": "Reunion",
    "country_code": "RE",
    "currency_code": "EUR"
  },
  {
    "country": "Samoa",
    "country_code": "WS",
    "currency_code": "EUR"
  },
  {
    "country": "San Marino",
    "country_code": "SM",
    "currency_code": "EUR"
  },
  {
    "country": "Slovenia",
    "country_code": "SI",
    "currency_code": "EUR"
  },
  {
    "country": "Spain",
    "country_code": "ES",
    "currency_code": "EUR"
  },
  {
    "country": "Vatican City State (Holy See)",
    "country_code": "VA",
    "currency_code": "EUR"
  },
  {
    "country": "South Georgia and the South Sandwich Islands",
    "country_code": "GS",
    "currency_code": "GBP"
  },
  {
    "country": "United Kingdom",
    "country_code": "GB",
    "currency_code": "GBP"
  },
  {
    "country": "Jersey",
    "country_code": "JE",
    "currency_code": "GBP"
  },
  {
    "country": "British Indian Ocean Territory",
    "country_code": "IO",
    "currency_code": "USD"
  },
  {
    "country": "Guam",
    "country_code": "GU",
    "currency_code": "USD"
  },
  {
    "country": "Marshall Islands",
    "country_code": "MH",
    "currency_code": "USD"
  },
  {
    "country": "Micronesia Federated States of",
    "country_code": "FM",
    "currency_code": "USD"
  },
  {
    "country": "Northern Mariana Islands",
    "country_code": "MP",
    "currency_code": "USD"
  },
  {
    "country": "Palau",
    "country_code": "PW",
    "currency_code": "USD"
  },
  {
    "country": "Puerto Rico",
    "country_code": "PR",
    "currency_code": "USD"
  },
  {
    "country": "Turks and Caicos Islands",
    "country_code": "TC",
    "currency_code": "USD"
  },
  {
    "country": "United States",
    "country_code": "US",
    "currency_code": "USD"
  },
  {
    "country": "United States Minor Outlying Islands",
    "country_code": "UM",
    "currency_code": "USD"
  },
  {
    "country": "Virgin Islands (British)",
    "country_code": "VG",
    "currency_code": "USD"
  },
  {
    "country": "Virgin Islands (US)",
    "country_code": "VI",
    "currency_code": "USD"
  },
  {
    "country": "Hong Kong",
    "country_code": "HK",
    "currency_code": "HKD"
  },
  {
    "country": "Canada",
    "country_code": "CA",
    "currency_code": "CAD"
  },
  {
    "country": "Japan",
    "country_code": "JP",
    "currency_code": "JPY"
  },
  {
    "country": "Afghanistan",
    "country_code": "AF",
    "currency_code": "AFN"
  },
  {
    "country": "Albania",
    "country_code": "AL",
    "currency_code": "ALL"
  },
  {
    "country": "Algeria",
    "country_code": "DZ",
    "currency_code": "DZD"
  },
  {
    "country": "Anguilla",
    "country_code": "AI",
    "currency_code": "XCD"
  },
  {
    "country": "Antigua and Barbuda",
    "country_code": "AG",
    "currency_code": "XCD"
  },
  {
    "country": "Dominica",
    "country_code": "DM",
    "currency_code": "XCD"
  },
  {
    "country": "Grenada",
    "country_code": "GD",
    "currency_code": "XCD"
  },
  {
    "country": "Montserrat",
    "country_code": "MS",
    "currency_code": "XCD"
  },
  {
    "country": "Saint Kitts",
    "country_code": "KN",
    "currency_code": "XCD"
  },
  {
    "country": "Saint Lucia",
    "country_code": "LC",
    "currency_code": "XCD"
  },
  {
    "country": "Saint Vincent Grenadines",
    "country_code": "VC",
    "currency_code": "XCD"
  },
  {
    "country": "Argentina",
    "country_code": "AR",
    "currency_code": "ARS"
  },
  {
    "country": "Armenia",
    "country_code": "AM",
    "currency_code": "AMD"
  },
  {
    "country": "Aruba",
    "country_code": "AW",
    "currency_code": "ANG"
  },
  {
    "country": "Netherlands Antilles",
    "country_code": "AN",
    "currency_code": "ANG"
  },
  {
    "country": "Azerbaijan",
    "country_code": "AZ",
    "currency_code": "AZN"
  },
  {
    "country": "Bahamas",
    "country_code": "BS",
    "currency_code": "BSD"
  },
  {
    "country": "Bahrain",
    "country_code": "BH",
    "currency_code": "BHD"
  },
  {
    "country": "Bangladesh",
    "country_code": "BD",
    "currency_code": "BDT"
  },
  {
    "country": "Barbados",
    "country_code": "BB",
    "currency_code": "BBD"
  },
  {
    "country": "Belarus",
    "country_code": "BY",
    "currency_code": "BYR"
  },
  {
    "country": "Belize",
    "country_code": "BZ",
    "currency_code": "BZD"
  },
  {
    "country": "Benin",
    "country_code": "BJ",
    "currency_code": "XOF"
  },
  {
    "country": "Burkina Faso",
    "country_code": "BF",
    "currency_code": "XOF"
  },
  {
    "country": "Guinea-Bissau",
    "country_code": "GW",
    "currency_code": "XOF"
  },
  {
    "country": "Ivory Coast",
    "country_code": "CI",
    "currency_code": "XOF"
  },
  {
    "country": "Mali",
    "country_code": "ML",
    "currency_code": "XOF"
  },
  {
    "country": "Niger",
    "country_code": "NE",
    "currency_code": "XOF"
  },
  {
    "country": "Senegal",
    "country_code": "SN",
    "currency_code": "XOF"
  },
  {
    "country": "Togo",
    "country_code": "TG",
    "currency_code": "XOF"
  },
  {
    "country": "Bermuda",
    "country_code": "BM",
    "currency_code": "BMD"
  },
  {
    "country": "Bhutan",
    "country_code": "BT",
    "currency_code": "INR"
  },
  {
    "country": "India",
    "country_code": "IN",
    "currency_code": "INR"
  },
  {
    "country": "Bolivia",
    "country_code": "BO",
    "currency_code": "BOB"
  },
  {
    "country": "Botswana",
    "country_code": "BW",
    "currency_code": "BWP"
  },
  {
    "country": "Bouvet Island",
    "country_code": "BV",
    "currency_code": "NOK"
  },
  {
    "country": "Norway",
    "country_code": "NO",
    "currency_code": "NOK"
  },
  {
    "country": "Svalbard and Jan Mayen Islands",
    "country_code": "SJ",
    "currency_code": "NOK"
  },
  {
    "country": "Brazil",
    "country_code": "BR",
    "currency_code": "BRL"
  },
  {
    "country": "Brunei Darussalam",
    "country_code": "BN",
    "currency_code": "BND"
  },
  {
    "country": "Bulgaria",
    "country_code": "BG",
    "currency_code": "BGN"
  },
  {
    "country": "Burundi",
    "country_code": "BI",
    "currency_code": "BIF"
  },
  {
    "country": "Cambodia",
    "country_code": "KH",
    "currency_code": "KHR"
  },
  {
    "country": "Cameroon",
    "country_code": "CM",
    "currency_code": "XAF"
  },
  {
    "country": "Central African Republic",
    "country_code": "CF",
    "currency_code": "XAF"
  },
  {
    "country": "Chad",
    "country_code": "TD",
    "currency_code": "XAF"
  },
  {
    "country": "Congo Republic of the Democratic",
    "country_code": "CG",
    "currency_code": "XAF"
  },
  {
    "country": "Equatorial Guinea",
    "country_code": "GQ",
    "currency_code": "XAF"
  },
  {
    "country": "Gabon",
    "country_code": "GA",
    "currency_code": "XAF"
  },
  {
    "country": "Cape Verde",
    "country_code": "CV",
    "currency_code": "CVE"
  },
  {
    "country": "Cayman Islands",
    "country_code": "KY",
    "currency_code": "KYD"
  },
  {
    "country": "Chile",
    "country_code": "CL",
    "currency_code": "CLP"
  },
  {
    "country": "China",
    "country_code": "CN",
    "currency_code": "CNY"
  },
  {
    "country": "Colombia",
    "country_code": "CO",
    "currency_code": "COP"
  },
  {
    "country": "Comoros",
    "country_code": "KM",
    "currency_code": "KMF"
  },
  {
    "country": "Congo-Brazzaville",
    "country_code": "CD",
    "currency_code": "CDF"
  },
  {
    "country": "Costa Rica",
    "country_code": "CR",
    "currency_code": "CRC"
  },
  {
    "country": "Croatia (Hrvatska)",
    "country_code": "HR",
    "currency_code": "HRK"
  },
  {
    "country": "Cuba",
    "country_code": "CU",
    "currency_code": "CUP"
  },
  {
    "country": "Cyprus",
    "country_code": "CY",
    "currency_code": "CYP"
  },
  {
    "country": "Czech Republic",
    "country_code": "CZ",
    "currency_code": "CZK"
  },
  {
    "country": "Denmark",
    "country_code": "DK",
    "currency_code": "DKK"
  },
  {
    "country": "Faroe Islands",
    "country_code": "FO",
    "currency_code": "DKK"
  },
  {
    "country": "Greenland",
    "country_code": "GL",
    "currency_code": "DKK"
  },
  {
    "country": "Djibouti",
    "country_code": "DJ",
    "currency_code": "DJF"
  },
  {
    "country": "Dominican Republic",
    "country_code": "DO",
    "currency_code": "DOP"
  },
  {
    "country": "East Timor",
    "country_code": "TP",
    "currency_code": "IDR"
  },
  {
    "country": "Indonesia",
    "country_code": "ID",
    "currency_code": "IDR"
  },
  {
    "country": "Ecuador",
    "country_code": "EC",
    "currency_code": "ECS"
  },
  {
    "country": "Egypt",
    "country_code": "EG",
    "currency_code": "EGP"
  },
  {
    "country": "El Salvador",
    "country_code": "SV",
    "currency_code": "SVC"
  },
  {
    "country": "Eritrea",
    "country_code": "ER",
    "currency_code": "ETB"
  },
  {
    "country": "Ethiopia",
    "country_code": "ET",
    "currency_code": "ETB"
  },
  {
    "country": "Estonia",
    "country_code": "EE",
    "currency_code": "EEK"
  },
  {
    "country": "Falkland Islands (Malvinas)",
    "country_code": "FK",
    "currency_code": "FKP"
  },
  {
    "country": "Fiji",
    "country_code": "FJ",
    "currency_code": "FJD"
  },
  {
    "country": "French Polynesia",
    "country_code": "PF",
    "currency_code": "XPF"
  },
  {
    "country": "New Caledonia",
    "country_code": "NC",
    "currency_code": "XPF"
  },
  {
    "country": "Wallis and Futuna Islands",
    "country_code": "WF",
    "currency_code": "XPF"
  },
  {
    "country": "Gambia",
    "country_code": "GM",
    "currency_code": "GMD"
  },
  {
    "country": "Georgia",
    "country_code": "GE",
    "currency_code": "GEL"
  },
  {
    "country": "Gibraltar",
    "country_code": "GI",
    "currency_code": "GIP"
  },
  {
    "country": "Guatemala",
    "country_code": "GT",
    "currency_code": "GTQ"
  },
  {
    "country": "Guinea",
    "country_code": "GN",
    "currency_code": "GNF"
  },
  {
    "country": "Guyana",
    "country_code": "GY",
    "currency_code": "GYD"
  },
  {
    "country": "Haiti",
    "country_code": "HT",
    "currency_code": "HTG"
  },
  {
    "country": "Honduras",
    "country_code": "HN",
    "currency_code": "HNL"
  },
  {
    "country": "Hungary",
    "country_code": "HU",
    "currency_code": "HUF"
  },
  {
    "country": "Iceland",
    "country_code": "IS",
    "currency_code": "ISK"
  },
  {
    "country": "Iran (Islamic Republic of)",
    "country_code": "IR",
    "currency_code": "IRR"
  },
  {
    "country": "Iraq",
    "country_code": "IQ",
    "currency_code": "IQD"
  },
  {
    "country": "Israel",
    "country_code": "IL",
    "currency_code": "ILS"
  },
  {
    "country": "Jamaica",
    "country_code": "JM",
    "currency_code": "JMD"
  },
  {
    "country": "Jordan",
    "country_code": "JO",
    "currency_code": "JOD"
  },
  {
    "country": "Kazakhstan",
    "country_code": "KZ",
    "currency_code": "KZT"
  },
  {
    "country": "Kenya",
    "country_code": "KE",
    "currency_code": "KES"
  },
  {
    "country": "Korea North",
    "country_code": "KP",
    "currency_code": "KPW"
  },
  {
    "country": "Korea South",
    "country_code": "KR",
    "currency_code": "KRW"
  },
  {
    "country": "Kuwait",
    "country_code": "KW",
    "currency_code": "KWD"
  },
  {
    "country": "Kyrgyzstan",
    "country_code": "KG",
    "currency_code": "KGS"
  },
  {
    "country": "Lao PeopleÕs Democratic Republic",
    "country_code": "LA",
    "currency_code": "LAK"
  },
  {
    "country": "Latvia",
    "country_code": "LV",
    "currency_code": "LVL"
  },
  {
    "country": "Lebanon",
    "country_code": "LB",
    "currency_code": "LBP"
  },
  {
    "country": "Lesotho",
    "country_code": "LS",
    "currency_code": "LSL"
  },
  {
    "country": "Liberia",
    "country_code": "LR",
    "currency_code": "LRD"
  },
  {
    "country": "Libyan Arab Jamahiriya",
    "country_code": "LY",
    "currency_code": "LYD"
  },
  {
    "country": "Liechtenstein",
    "country_code": "LI",
    "currency_code": "CHF"
  },
  {
    "country": "Switzerland",
    "country_code": "CH",
    "currency_code": "CHF"
  },
  {
    "country": "Lithuania",
    "country_code": "LT",
    "currency_code": "LTL"
  },
  {
    "country": "Macau",
    "country_code": "MO",
    "currency_code": "MOP"
  },
  {
    "country": "Macedonia",
    "country_code": "MK",
    "currency_code": "MKD"
  },
  {
    "country": "Madagascar",
    "country_code": "MG",
    "currency_code": "MGA"
  },
  {
    "country": "Malawi",
    "country_code": "MW",
    "currency_code": "MWK"
  },
  {
    "country": "Malaysia",
    "country_code": "MY",
    "currency_code": "MYR"
  },
  {
    "country": "Maldives",
    "country_code": "MV",
    "currency_code": "MVR"
  },
  {
    "country": "Malta",
    "country_code": "MT",
    "currency_code": "MTL"
  },
  {
    "country": "Mauritania",
    "country_code": "MR",
    "currency_code": "MRO"
  },
  {
    "country": "Mauritius",
    "country_code": "MU",
    "currency_code": "MUR"
  },
  {
    "country": "Mexico",
    "country_code": "MX",
    "currency_code": "MXN"
  },
  {
    "country": "Moldova Republic of",
    "country_code": "MD",
    "currency_code": "MDL"
  },
  {
    "country": "Mongolia",
    "country_code": "MN",
    "currency_code": "MNT"
  },
  {
    "country": "Morocco",
    "country_code": "MA",
    "currency_code": "MAD"
  },
  {
    "country": "Western Sahara",
    "country_code": "EH",
    "currency_code": "MAD"
  },
  {
    "country": "Mozambique",
    "country_code": "MZ",
    "currency_code": "MZN"
  },
  {
    "country": "Myanmar",
    "country_code": "MM",
    "currency_code": "MMK"
  },
  {
    "country": "Namibia",
    "country_code": "NA",
    "currency_code": "NAD"
  },
  {
    "country": "Nepal",
    "country_code": "NP",
    "currency_code": "NPR"
  },
  {
    "country": "Nicaragua",
    "country_code": "NI",
    "currency_code": "NIO"
  },
  {
    "country": "Nigeria",
    "country_code": "NG",
    "currency_code": "NGN"
  },
  {
    "country": "Oman",
    "country_code": "OM",
    "currency_code": "OMR"
  },
  {
    "country": "Pakistan",
    "country_code": "PK",
    "currency_code": "PKR"
  },
  {
    "country": "Panama",
    "country_code": "PA",
    "currency_code": "PAB"
  },
  {
    "country": "Papua New Guinea",
    "country_code": "PG",
    "currency_code": "PGK"
  },
  {
    "country": "Paraguay",
    "country_code": "PY",
    "currency_code": "PYG"
  },
  {
    "country": "Peru",
    "country_code": "PE",
    "currency_code": "PEN"
  },
  {
    "country": "Philippines",
    "country_code": "PH",
    "currency_code": "PHP"
  },
  {
    "country": "Poland",
    "country_code": "PL",
    "currency_code": "PLN"
  },
  {
    "country": "Qatar",
    "country_code": "QA",
    "currency_code": "QAR"
  },
  {
    "country": "Romania",
    "country_code": "RO",
    "currency_code": "RON"
  },
  {
    "country": "Russian Federation",
    "country_code": "RU",
    "currency_code": "RUB"
  },
  {
    "country": "Rwanda",
    "country_code": "RW",
    "currency_code": "RWF"
  },
  {
    "country": "Sao Tome and Principe",
    "country_code": "ST",
    "currency_code": "STD"
  },
  {
    "country": "Saudi Arabia",
    "country_code": "SA",
    "currency_code": "SAR"
  },
  {
    "country": "Seychelles",
    "country_code": "SC",
    "currency_code": "SCR"
  },
  {
    "country": "Sierra Leone",
    "country_code": "SL",
    "currency_code": "SLL"
  },
  {
    "country": "Singapore",
    "country_code": "SG",
    "currency_code": "SGD"
  },
  {
    "country": "Slovakia (Slovak Republic)",
    "country_code": "SK",
    "currency_code": "SKK"
  },
  {
    "country": "Solomon Islands",
    "country_code": "SB",
    "currency_code": "SBD"
  },
  {
    "country": "Somalia",
    "country_code": "SO",
    "currency_code": "SOS"
  },
  {
    "country": "South Africa",
    "country_code": "ZA",
    "currency_code": "ZAR"
  },
  {
    "country": "Sri Lanka",
    "country_code": "LK",
    "currency_code": "LKR"
  },
  {
    "country": "Sudan",
    "country_code": "SD",
    "currency_code": "SDG"
  },
  {
    "country": "Suriname",
    "country_code": "SR",
    "currency_code": "SRD"
  },
  {
    "country": "Swaziland",
    "country_code": "SZ",
    "currency_code": "SZL"
  },
  {
    "country": "Sweden",
    "country_code": "SE",
    "currency_code": "SEK"
  },
  {
    "country": "Syrian Arab Republic",
    "country_code": "SY",
    "currency_code": "SYP"
  },
  {
    "country": "Taiwan",
    "country_code": "TW",
    "currency_code": "TWD"
  },
  {
    "country": "Tajikistan",
    "country_code": "TJ",
    "currency_code": "TJS"
  },
  {
    "country": "Tanzania",
    "country_code": "TZ",
    "currency_code": "TZS"
  },
  {
    "country": "Thailand",
    "country_code": "TH",
    "currency_code": "THB"
  },
  {
    "country": "Tonga",
    "country_code": "TO",
    "currency_code": "TOP"
  },
  {
    "country": "Trinidad and Tobago",
    "country_code": "TT",
    "currency_code": "TTD"
  },
  {
    "country": "Tunisia",
    "country_code": "TN",
    "currency_code": "TND"
  },
  {
    "country": "Turkey",
    "country_code": "TR",
    "currency_code": "TRY"
  },
  {
    "country": "Turkmenistan",
    "country_code": "TM",
    "currency_code": "TMT"
  },
  {
    "country": "Uganda",
    "country_code": "UG",
    "currency_code": "UGX"
  },
  {
    "country": "Ukraine",
    "country_code": "UA",
    "currency_code": "UAH"
  },
  {
    "country": "United Arab Emirates",
    "country_code": "AE",
    "currency_code": "AED"
  },
  {
    "country": "Uruguay",
    "country_code": "UY",
    "currency_code": "UYU"
  },
  {
    "country": "Uzbekistan",
    "country_code": "UZ",
    "currency_code": "UZS"
  },
  {
    "country": "Vanuatu",
    "country_code": "VU",
    "currency_code": "VUV"
  },
  {
    "country": "Venezuela",
    "country_code": "VE",
    "currency_code": "VEF"
  },
  {
    "country": "Vietnam",
    "country_code": "VN",
    "currency_code": "VND"
  },
  {
    "country": "Yemen",
    "country_code": "YE",
    "currency_code": "YER"
  },
  {
    "country": "Zambia",
    "country_code": "ZM",
    "currency_code": "ZMK"
  },
  {
    "country": "Zimbabwe",
    "country_code": "ZW",
    "currency_code": "ZWD"
  },
  {
    "country": "Aland Islands",
    "country_code": "AX",
    "currency_code": "EUR"
  },
  {
    "country": "Angola",
    "country_code": "AO",
    "currency_code": "AOA"
  },
  {
    "country": "Antarctica",
    "country_code": "AQ",
    "currency_code": "AQD"
  },
  {
    "country": "Bosnia and Herzegovina",
    "country_code": "BA",
    "currency_code": "BAM"
  },
  {
    "country": "Congo (Kinshasa)",
    "country_code": "CD",
    "currency_code": "CDF"
  },
  {
    "country": "Ghana",
    "country_code": "GH",
    "currency_code": "GHS"
  },
  {
    "country": "Guernsey",
    "country_code": "GG",
    "currency_code": "GGP"
  },
  {
    "country": "Isle of Man",
    "country_code": "IM",
    "currency_code": "GBP"
  },
  {
    "country": "Laos",
    "country_code": "LA",
    "currency_code": "LAK"
  },
  {
    "country": "Macao S.A.R.",
    "country_code": "MO",
    "currency_code": "MOP"
  },
  {
    "country": "Montenegro",
    "country_code": "ME",
    "currency_code": "EUR"
  },
  {
    "country": "Palestinian Territory",
    "country_code": "PS",
    "currency_code": "JOD"
  },
  {
    "country": "Saint Barthelemy",
    "country_code": "BL",
    "currency_code": "EUR"
  },
  {
    "country": "Saint Helena",
    "country_code": "SH",
    "currency_code": "GBP"
  },
  {
    "country": "Saint Martin (French part)",
    "country_code": "MF",
    "currency_code": "ANG"
  },
  {
    "country": "Saint Pierre and Miquelon",
    "country_code": "PM",
    "currency_code": "EUR"
  },
  {
    "country": "Serbia",
    "country_code": "RS",
    "currency_code": "RSD"
  },
  {
    "country": "US Armed Forces",
    "country_code": "USAF",
    "currency_code": "USD"
  }
]